氏名,結果,画像URLまたはページ
逢沢 一郎君,成功,https://www.shugiin.go.jp/internet/itdb_giinprof.nsf/003.jpg/003.jpg
青柳 仁士君,成功,https://www.shugiin.go.jp/internet/itdb_giinprof.nsf/004.jpg/004.jpg
青柳 陽一郎君,成功,https://www.shugiin.go.jp/internet/itdb_giinprof.nsf/005.jpg/005.jpg
青山 大人君,成功,https://www.shugiin.go.jp/internet/itdb_giinprof.nsf/006.jpg/006.jpg
赤澤 亮正君,成功,https://www.shugiin.go.jp/internet/itdb_giinprof.nsf/007.jpg/007.jpg
赤羽 一嘉君,成功,https://www.shugiin.go.jp/internet/itdb_giinprof.nsf/008.jpg/008.jpg
あかま 二郎君,成功,https://www.shugiin.go.jp/internet/itdb_giinprof.nsf/009.jpg/009.jpg
赤嶺 政賢君,成功,https://www.shugiin.go.jp/internet/itdb_giinprof.nsf/010.jpg/010.jpg
阿久津 幸彦君,成功,https://www.shugiin.go.jp/internet/itdb_giinprof.nsf/011.jpg/011.jpg
浅野 哲君,成功,https://www.shugiin.go.jp/internet/itdb_giinprof.nsf/012.jpg/012.jpg
東 克哉君,成功,https://www.shugiin.go.jp/internet/itdb_giinprof.nsf/013.jpg/013.jpg
東 国幹君,成功,https://www.shugiin.go.jp/internet/itdb_giinprof.nsf/014.jpg/014.jpg
東 徹君,成功,https://www.shugiin.go.jp/internet/itdb_giinprof.nsf/015.jpg/015.jpg
安住 淳君,成功,https://www.shugiin.go.jp/internet/itdb_giinprof.nsf/016.jpg/016.jpg
麻生 太郎君,成功,https://www.shugiin.go.jp/internet/itdb_giinprof.nsf/017.jpg/017.jpg
阿部 圭史君,成功,https://www.shugiin.go.jp/internet/itdb_giinprof.nsf/018.jpg/018.jpg
阿部 司君,成功,https://www.shugiin.go.jp/internet/itdb_giinprof.nsf/019.jpg/019.jpg
あべ 俊子君,成功,https://www.shugiin.go.jp/internet/itdb_giinprof.nsf/020.jpg/020.jpg
阿部 知子君,成功,https://www.shugiin.go.jp/internet/itdb_giinprof.nsf/021.jpg/021.jpg
阿部 弘樹君,成功,https://www.shugiin.go.jp/internet/itdb_giinprof.nsf/022.jpg/022.jpg
阿部 祐美子君,成功,https://www.shugiin.go.jp/internet/itdb_giinprof.nsf/023.jpg/023.jpg
荒井 優君,成功,https://www.shugiin.go.jp/internet/itdb_giinprof.nsf/024.jpg/024.jpg
新垣 邦男君,成功,https://www.shugiin.go.jp/internet/itdb_giinprof.nsf/025.jpg/025.jpg
有田 芳生君,成功,https://www.shugiin.go.jp/internet/itdb_giinprof.nsf/026.jpg/026.jpg
安藤じゅん子君,成功,https://www.shugiin.go.jp/internet/itdb_giinprof.nsf/027.jpg/027.jpg
安藤 たかお君,成功,https://www.shugiin.go.jp/internet/itdb_giinprof.nsf/028.jpg/028.jpg
五十嵐 えり君,成功,https://www.shugiin.go.jp/internet/itdb_giinprof.nsf/029.jpg/029.jpg
五十嵐 清君,成功,https://www.shugiin.go.jp/internet/itdb_giinprof.nsf/030.jpg/030.jpg
池下 卓君,成功,https://www.shugiin.go.jp/internet/itdb_giinprof.nsf/031.jpg/031.jpg
池田 真紀君,成功,https://www.shugiin.go.jp/internet/itdb_giinprof.nsf/032.jpg/032.jpg
池畑 浩太朗君,成功,https://www.shugiin.go.jp/internet/itdb_giinprof.nsf/033.jpg/033.jpg
井坂 信彦君,成功,https://www.shugiin.go.jp/internet/itdb_giinprof.nsf/034.jpg/034.jpg
石井 智恵君,成功,https://www.shugiin.go.jp/internet/itdb_giinprof.nsf/035.jpg/035.jpg
石川 香織君,成功,https://www.shugiin.go.jp/internet/itdb_giinprof.nsf/036.jpg/036.jpg
石田 真敏君,成功,https://www.shugiin.go.jp/internet/itdb_giinprof.nsf/037.jpg/037.jpg
石破 茂君,成功,https://www.shugiin.go.jp/internet/itdb_giinprof.nsf/038.jpg/038.jpg
石橋 林太郎君,成功,https://www.shugiin.go.jp/internet/itdb_giinprof.nsf/039.jpg/039.jpg
石原 宏高君,成功,https://www.shugiin.go.jp/internet/itdb_giinprof.nsf/040.jpg/040.jpg
泉 健太君,成功,https://www.shugiin.go.jp/internet/itdb_giinprof.nsf/041.jpg/041.jpg
市來 伴子君,成功,https://www.shugiin.go.jp/internet/itdb_giinprof.nsf/042.jpg/042.jpg
市村 浩一郎君,成功,https://www.shugiin.go.jp/internet/itdb_giinprof.nsf/043.jpg/043.jpg
井出 庸生君,成功,https://www.shugiin.go.jp/internet/itdb_giinprof.nsf/044.jpg/044.jpg
伊藤 俊輔君,成功,https://www.shugiin.go.jp/internet/itdb_giinprof.nsf/045.jpg/045.jpg
伊藤 忠彦君,成功,https://www.shugiin.go.jp/internet/itdb_giinprof.nsf/046.jpg/046.jpg
伊藤 達也君,成功,https://www.shugiin.go.jp/internet/itdb_giinprof.nsf/047.jpg/047.jpg
伊東 信久君,成功,https://www.shugiin.go.jp/internet/itdb_giinprof.nsf/048.jpg/048.jpg
伊東 良孝君,成功,https://www.shugiin.go.jp/internet/itdb_giinprof.nsf/049.jpg/049.jpg
稲田 朋美君,成功,https://www.shugiin.go.jp/internet/itdb_giinprof.nsf/050.jpg/050.jpg
稲富 修二君,成功,https://www.shugiin.go.jp/internet/itdb_giinprof.nsf/051.jpg/051.jpg
井野 俊郎君,成功,https://www.shugiin.go.jp/internet/itdb_giinprof.nsf/052.jpg/052.jpg
井上 信治君,成功,https://www.shugiin.go.jp/internet/itdb_giinprof.nsf/053.jpg/053.jpg
井上 貴博君,成功,https://www.shugiin.go.jp/internet/itdb_giinprof.nsf/054.jpg/054.jpg
井上 英孝君,成功,https://www.shugiin.go.jp/internet/itdb_giinprof.nsf/055.jpg/055.jpg
猪口 幸子君,成功,https://www.shugiin.go.jp/internet/itdb_giinprof.nsf/056.jpg/056.jpg
井林 辰憲君,成功,https://www.shugiin.go.jp/internet/itdb_giinprof.nsf/057.jpg/057.jpg
今井 雅人君,成功,https://www.shugiin.go.jp/internet/itdb_giinprof.nsf/058.jpg/058.jpg
今枝 宗一郎君,成功,https://www.shugiin.go.jp/internet/itdb_giinprof.nsf/059.jpg/059.jpg
岩田 和親君,成功,https://www.shugiin.go.jp/internet/itdb_giinprof.nsf/060.jpg/060.jpg
岩谷 良平君,成功,https://www.shugiin.go.jp/internet/itdb_giinprof.nsf/061.jpg/061.jpg
岩屋 毅君,成功,https://www.shugiin.go.jp/internet/itdb_giinprof.nsf/062.jpg/062.jpg
上田 英俊君,成功,https://www.shugiin.go.jp/internet/itdb_giinprof.nsf/063.jpg/063.jpg
上野 賢一郎君,成功,https://www.shugiin.go.jp/internet/itdb_giinprof.nsf/064.jpg/064.jpg
上村 英明君,成功,https://www.shugiin.go.jp/internet/itdb_giinprof.nsf/065.jpg/065.jpg
浮島 智子君,成功,https://www.shugiin.go.jp/internet/itdb_giinprof.nsf/066.jpg/066.jpg
臼木 秀剛君,成功,https://www.shugiin.go.jp/internet/itdb_giinprof.nsf/067.jpg/067.jpg
梅谷 守君,成功,https://www.shugiin.go.jp/internet/itdb_giinprof.nsf/068.jpg/068.jpg
梅村 聡君,成功,https://www.shugiin.go.jp/internet/itdb_giinprof.nsf/069.jpg/069.jpg
浦野 靖人君,成功,https://www.shugiin.go.jp/internet/itdb_giinprof.nsf/070.jpg/070.jpg
うるま 譲司君,成功,https://www.shugiin.go.jp/internet/itdb_giinprof.nsf/071.jpg/071.jpg
江田 憲司君,成功,https://www.shugiin.go.jp/internet/itdb_giinprof.nsf/072.jpg/072.jpg
枝野 幸男君,成功,https://www.shugiin.go.jp/internet/itdb_giinprof.nsf/073.jpg/073.jpg
江渡 聡徳君,成功,https://www.shugiin.go.jp/internet/itdb_giinprof.nsf/074.jpg/074.jpg
江藤 拓君,成功,https://www.shugiin.go.jp/internet/itdb_giinprof.nsf/075.jpg/075.jpg
英利アルフィヤ君,成功,https://www.shugiin.go.jp/internet/itdb_giinprof.nsf/076.jpg/076.jpg
遠藤 敬君,成功,https://www.shugiin.go.jp/internet/itdb_giinprof.nsf/077.jpg/077.jpg
遠藤 利明君,成功,https://www.shugiin.go.jp/internet/itdb_giinprof.nsf/078.jpg/078.jpg
大石 あきこ君,成功,https://www.shugiin.go.jp/internet/itdb_giinprof.nsf/079.jpg/079.jpg
大岡 敏孝君,成功,https://www.shugiin.go.jp/internet/itdb_giinprof.nsf/080.jpg/080.jpg
大河原まさこ君,成功,https://www.shugiin.go.jp/internet/itdb_giinprof.nsf/081.jpg/081.jpg
大串 博志君,成功,https://www.shugiin.go.jp/internet/itdb_giinprof.nsf/082.jpg/082.jpg
大串 正樹君,成功,https://www.shugiin.go.jp/internet/itdb_giinprof.nsf/083.jpg/083.jpg
逢坂 誠二君,成功,https://www.shugiin.go.jp/internet/itdb_giinprof.nsf/084.jpg/084.jpg
大島 敦君,成功,https://www.shugiin.go.jp/internet/itdb_giinprof.nsf/085.jpg/085.jpg
大空 幸星君,成功,https://www.shugiin.go.jp/internet/itdb_giinprof.nsf/086.jpg/086.jpg
おおたけりえ君,成功,https://www.shugiin.go.jp/internet/itdb_giinprof.nsf/087.jpg/087.jpg
大塚 小百合君,成功,https://www.shugiin.go.jp/internet/itdb_giinprof.nsf/088.jpg/088.jpg
おおつき紅葉君,成功,https://www.shugiin.go.jp/internet/itdb_giinprof.nsf/089.jpg/089.jpg
大西 健介君,成功,https://www.shugiin.go.jp/internet/itdb_giinprof.nsf/090.jpg/090.jpg
大西 洋平君,成功,https://www.shugiin.go.jp/internet/itdb_giinprof.nsf/091.jpg/091.jpg
大野 敬太郎君,成功,https://www.shugiin.go.jp/internet/itdb_giinprof.nsf/092.jpg/092.jpg
大森 江里子君,成功,https://www.shugiin.go.jp/internet/itdb_giinprof.nsf/093.jpg/093.jpg
岡島 一正君,成功,https://www.shugiin.go.jp/internet/itdb_giinprof.nsf/094.jpg/094.jpg
岡田 克也君,成功,https://www.shugiin.go.jp/internet/itdb_giinprof.nsf/095.jpg/095.jpg
岡田 悟君,成功,https://www.shugiin.go.jp/internet/itdb_giinprof.nsf/096.jpg/096.jpg
岡田 華子君,成功,https://www.shugiin.go.jp/internet/itdb_giinprof.nsf/097.jpg/097.jpg
緒方 林太郎君,成功,https://www.shugiin.go.jp/internet/itdb_giinprof.nsf/098.jpg/098.jpg
岡野 純子君,成功,https://www.shugiin.go.jp/internet/itdb_giinprof.nsf/099.jpg/099.jpg
岡本 あき子君,成功,https://www.shugiin.go.jp/internet/itdb_giinprof.nsf/100.jpg/100.jpg
岡本 三成君,成功,https://www.shugiin.go.jp/internet/itdb_giinprof.nsf/101.jpg/101.jpg
岡本 充功君,成功,https://www.shugiin.go.jp/internet/itdb_giinprof.nsf/102.jpg/102.jpg
小川 淳也君,成功,https://www.shugiin.go.jp/internet/itdb_giinprof.nsf/103.jpg/103.jpg
奥下 剛光君,成功,https://www.shugiin.go.jp/internet/itdb_giinprof.nsf/104.jpg/104.jpg
奥野 総一郎君,成功,https://www.shugiin.go.jp/internet/itdb_giinprof.nsf/105.jpg/105.jpg
小熊 慎司君,成功,https://www.shugiin.go.jp/internet/itdb_giinprof.nsf/106.jpg/106.jpg
尾崎 正直君,成功,https://www.shugiin.go.jp/internet/itdb_giinprof.nsf/107.jpg/107.jpg
小沢 一郎君,成功,https://www.shugiin.go.jp/internet/itdb_giinprof.nsf/108.jpg/108.jpg
小竹 凱君,成功,https://www.shugiin.go.jp/internet/itdb_giinprof.nsf/109.jpg/109.jpg
落合 貴之君,成功,https://www.shugiin.go.jp/internet/itdb_giinprof.nsf/110.jpg/110.jpg
尾辻 かな子君,成功,https://www.shugiin.go.jp/internet/itdb_giinprof.nsf/111.jpg/111.jpg
鬼木 誠君,成功,https://www.shugiin.go.jp/internet/itdb_giinprof.nsf/112.jpg/112.jpg
小野寺 五典君,成功,https://www.shugiin.go.jp/internet/itdb_giinprof.nsf/113.jpg/113.jpg
小渕 優子君,成功,https://www.shugiin.go.jp/internet/itdb_giinprof.nsf/114.jpg/114.jpg
海江田 万里君,成功,https://www.shugiin.go.jp/internet/itdb_giinprof.nsf/115.jpg/115.jpg
河西 宏一君,成功,https://www.shugiin.go.jp/internet/itdb_giinprof.nsf/116.jpg/116.jpg
梶山 弘志君,成功,https://www.shugiin.go.jp/internet/itdb_giinprof.nsf/117.jpg/117.jpg
勝俣 孝明君,成功,https://www.shugiin.go.jp/internet/itdb_giinprof.nsf/118.jpg/118.jpg
勝目 康君,成功,https://www.shugiin.go.jp/internet/itdb_giinprof.nsf/119.jpg/119.jpg
加藤 鮎子君,成功,https://www.shugiin.go.jp/internet/itdb_giinprof.nsf/120.jpg/120.jpg
加藤 勝信君,成功,https://www.shugiin.go.jp/internet/itdb_giinprof.nsf/121.jpg/121.jpg
加藤 竜祥君,成功,https://www.shugiin.go.jp/internet/itdb_giinprof.nsf/122.jpg/122.jpg
金子 恵美君,成功,https://www.shugiin.go.jp/internet/itdb_giinprof.nsf/123.jpg/123.jpg
金子 恭之君,成功,https://www.shugiin.go.jp/internet/itdb_giinprof.nsf/124.jpg/124.jpg
金子 容三君,成功,https://www.shugiin.go.jp/internet/itdb_giinprof.nsf/125.jpg/125.jpg
金村 龍那君,成功,https://www.shugiin.go.jp/internet/itdb_giinprof.nsf/126.jpg/126.jpg
鎌田 さゆり君,成功,https://www.shugiin.go.jp/internet/itdb_giinprof.nsf/127.jpg/127.jpg
上川 陽子君,成功,https://www.shugiin.go.jp/internet/itdb_giinprof.nsf/128.jpg/128.jpg
神谷 裕君,成功,https://www.shugiin.go.jp/internet/itdb_giinprof.nsf/129.jpg/129.jpg
亀井 亜紀子君,成功,https://www.shugiin.go.jp/internet/itdb_giinprof.nsf/130.jpg/130.jpg
川内 博史君,成功,https://www.shugiin.go.jp/internet/itdb_giinprof.nsf/131.jpg/131.jpg
川崎 ひでと君,成功,https://www.shugiin.go.jp/internet/itdb_giinprof.nsf/132.jpg/132.jpg
川原田 英世君,成功,https://www.shugiin.go.jp/internet/itdb_giinprof.nsf/133.jpg/133.jpg
河村 たかし君,成功,https://www.shugiin.go.jp/internet/itdb_giinprof.nsf/134.jpg/134.jpg
神田 潤一君,成功,https://www.shugiin.go.jp/internet/itdb_giinprof.nsf/135.jpg/135.jpg
城井 崇君,成功,https://www.shugiin.go.jp/internet/itdb_giinprof.nsf/136.jpg/136.jpg
城内 実君,成功,https://www.shugiin.go.jp/internet/itdb_giinprof.nsf/137.jpg/137.jpg
黄川田 仁志君,成功,https://www.shugiin.go.jp/internet/itdb_giinprof.nsf/138.jpg/138.jpg
菊田 真紀子君,成功,https://www.shugiin.go.jp/internet/itdb_giinprof.nsf/139.jpg/139.jpg
菊池 大二郎君,成功,https://www.shugiin.go.jp/internet/itdb_giinprof.nsf/140.jpg/140.jpg
岸 信千世君,成功,https://www.shugiin.go.jp/internet/itdb_giinprof.nsf/141.jpg/141.jpg
岸田 文雄君,成功,https://www.shugiin.go.jp/internet/itdb_giinprof.nsf/142.jpg/142.jpg
岸田 光広君,成功,https://www.shugiin.go.jp/internet/itdb_giinprof.nsf/143.jpg/143.jpg
北神 圭朗君,成功,https://www.shugiin.go.jp/internet/itdb_giinprof.nsf/144.jpg/144.jpg
北野 裕子君,成功,https://www.shugiin.go.jp/internet/itdb_giinprof.nsf/145.jpg/145.jpg
木原 誠二君,成功,https://www.shugiin.go.jp/internet/itdb_giinprof.nsf/146.jpg/146.jpg
木原 稔君,成功,https://www.shugiin.go.jp/internet/itdb_giinprof.nsf/147.jpg/147.jpg
吉良 州司君,成功,https://www.shugiin.go.jp/internet/itdb_giinprof.nsf/148.jpg/148.jpg
金城 泰邦君,成功,https://www.shugiin.go.jp/internet/itdb_giinprof.nsf/149.jpg/149.jpg
草間 剛君,成功,https://www.shugiin.go.jp/internet/itdb_giinprof.nsf/150.jpg/150.jpg
櫛渕 万里君,成功,https://www.shugiin.go.jp/internet/itdb_giinprof.nsf/151.jpg/151.jpg
工藤 彰三君,成功,https://www.shugiin.go.jp/internet/itdb_giinprof.nsf/152.jpg/152.jpg
国定 勇人君,成功,https://www.shugiin.go.jp/internet/itdb_giinprof.nsf/153.jpg/153.jpg
国光 あやの君,成功,https://www.shugiin.go.jp/internet/itdb_giinprof.nsf/154.jpg/154.jpg
栗原 渉君,成功,https://www.shugiin.go.jp/internet/itdb_giinprof.nsf/155.jpg/155.jpg
黒岩 宇洋君,成功,https://www.shugiin.go.jp/internet/itdb_giinprof.nsf/156.jpg/156.jpg
黒田 征樹君,成功,https://www.shugiin.go.jp/internet/itdb_giinprof.nsf/157.jpg/157.jpg
玄葉 光一郎君,成功,https://www.shugiin.go.jp/internet/itdb_giinprof.nsf/002.jpg/002.jpg
源馬 謙太郎君,成功,https://www.shugiin.go.jp/internet/itdb_giinprof.nsf/158.jpg/158.jpg
小池 正昭君,成功,https://www.shugiin.go.jp/internet/itdb_giinprof.nsf/159.jpg/159.jpg
小泉 進次郎君,成功,https://www.shugiin.go.jp/internet/itdb_giinprof.nsf/160.jpg/160.jpg
小泉 龍司君,成功,https://www.shugiin.go.jp/internet/itdb_giinprof.nsf/161.jpg/161.jpg
神津 たけし君,成功,https://www.shugiin.go.jp/internet/itdb_giinprof.nsf/162.jpg/162.jpg
河野 太郎君,成功,https://www.shugiin.go.jp/internet/itdb_giinprof.nsf/163.jpg/163.jpg
高村 正大君,成功,https://www.shugiin.go.jp/internet/itdb_giinprof.nsf/164.jpg/164.jpg
古賀 篤君,成功,https://www.shugiin.go.jp/internet/itdb_giinprof.nsf/165.jpg/165.jpg
國場 幸之助君,成功,https://www.shugiin.go.jp/internet/itdb_giinprof.nsf/166.jpg/166.jpg
輿水 恵一君,成功,https://www.shugiin.go.jp/internet/itdb_giinprof.nsf/167.jpg/167.jpg
小寺 裕雄君,成功,https://www.shugiin.go.jp/internet/itdb_giinprof.nsf/168.jpg/168.jpg
後藤 茂之君,成功,https://www.shugiin.go.jp/internet/itdb_giinprof.nsf/169.jpg/169.jpg
後藤 祐一君,成功,https://www.shugiin.go.jp/internet/itdb_giinprof.nsf/170.jpg/170.jpg
許斐 亮太郎君,成功,https://www.shugiin.go.jp/internet/itdb_giinprof.nsf/171.jpg/171.jpg
小林 茂樹君,成功,https://www.shugiin.go.jp/internet/itdb_giinprof.nsf/172.jpg/172.jpg
小林 鷹之君,成功,https://www.shugiin.go.jp/internet/itdb_giinprof.nsf/173.jpg/173.jpg
小林 史明君,成功,https://www.shugiin.go.jp/internet/itdb_giinprof.nsf/174.jpg/174.jpg
小宮山 泰子君,成功,https://www.shugiin.go.jp/internet/itdb_giinprof.nsf/175.jpg/175.jpg
小森 卓郎君,成功,https://www.shugiin.go.jp/internet/itdb_giinprof.nsf/176.jpg/176.jpg
小山 千帆君,成功,https://www.shugiin.go.jp/internet/itdb_giinprof.nsf/177.jpg/177.jpg
小山 展弘君,成功,https://www.shugiin.go.jp/internet/itdb_giinprof.nsf/178.jpg/178.jpg
近藤 和也君,成功,https://www.shugiin.go.jp/internet/itdb_giinprof.nsf/179.jpg/179.jpg
近藤 昭一君,成功,https://www.shugiin.go.jp/internet/itdb_giinprof.nsf/180.jpg/180.jpg
斉木 武志君,成功,https://www.shugiin.go.jp/internet/itdb_giinprof.nsf/181.jpg/181.jpg
斎藤アレックス君,成功,https://www.shugiin.go.jp/internet/itdb_giinprof.nsf/182.jpg/182.jpg
齋藤 健君,成功,https://www.shugiin.go.jp/internet/itdb_giinprof.nsf/183.jpg/183.jpg
斉藤 鉄夫君,成功,https://www.shugiin.go.jp/internet/itdb_giinprof.nsf/184.jpg/184.jpg
斎藤 洋明君,成功,https://www.shugiin.go.jp/internet/itdb_giinprof.nsf/185.jpg/185.jpg
齋藤 裕喜君,成功,https://www.shugiin.go.jp/internet/itdb_giinprof.nsf/186.jpg/186.jpg
酒井 なつみ君,成功,https://www.shugiin.go.jp/internet/itdb_giinprof.nsf/187.jpg/187.jpg
坂井 学君,成功,https://www.shugiin.go.jp/internet/itdb_giinprof.nsf/188.jpg/188.jpg
阪口 直人君,成功,https://www.shugiin.go.jp/internet/itdb_giinprof.nsf/189.jpg/189.jpg
坂本 哲志君,成功,https://www.shugiin.go.jp/internet/itdb_giinprof.nsf/190.jpg/190.jpg
坂本 祐之輔君,成功,https://www.shugiin.go.jp/internet/itdb_giinprof.nsf/191.jpg/191.jpg
坂本 竜太郎君,成功,https://www.shugiin.go.jp/internet/itdb_giinprof.nsf/192.jpg/192.jpg
櫻井 周君,成功,https://www.shugiin.go.jp/internet/itdb_giinprof.nsf/193.jpg/193.jpg
笹川 博義君,成功,https://www.shugiin.go.jp/internet/itdb_giinprof.nsf/194.jpg/194.jpg
佐々木ナオミ君,成功,https://www.shugiin.go.jp/internet/itdb_giinprof.nsf/195.jpg/195.jpg
佐々木 紀君,成功,https://www.shugiin.go.jp/internet/itdb_giinprof.nsf/196.jpg/196.jpg
佐藤 公治君,成功,https://www.shugiin.go.jp/internet/itdb_giinprof.nsf/197.jpg/197.jpg
佐藤 勉君,成功,https://www.shugiin.go.jp/internet/itdb_giinprof.nsf/198.jpg/198.jpg
佐藤 英道君,成功,https://www.shugiin.go.jp/internet/itdb_giinprof.nsf/199.jpg/199.jpg
佐原 若子君,成功,https://www.shugiin.go.jp/internet/itdb_giinprof.nsf/200.jpg/200.jpg
志位 和夫君,成功,https://www.shugiin.go.jp/internet/itdb_giinprof.nsf/201.jpg/201.jpg
塩川 鉄也君,成功,https://www.shugiin.go.jp/internet/itdb_giinprof.nsf/202.jpg/202.jpg
塩崎 彰久君,成功,https://www.shugiin.go.jp/internet/itdb_giinprof.nsf/203.jpg/203.jpg
重徳 和彦君,成功,https://www.shugiin.go.jp/internet/itdb_giinprof.nsf/204.jpg/204.jpg
階 猛君,成功,https://www.shugiin.go.jp/internet/itdb_giinprof.nsf/205.jpg/205.jpg
篠田 奈保子君,成功,https://www.shugiin.go.jp/internet/itdb_giinprof.nsf/206.jpg/206.jpg
篠原 豪君,成功,https://www.shugiin.go.jp/internet/itdb_giinprof.nsf/207.jpg/207.jpg
篠原 孝君,成功,https://www.shugiin.go.jp/internet/itdb_giinprof.nsf/208.jpg/208.jpg
柴田 勝之君,成功,https://www.shugiin.go.jp/internet/itdb_giinprof.nsf/209.jpg/209.jpg
柴山 昌彦君,成功,https://www.shugiin.go.jp/internet/itdb_giinprof.nsf/210.jpg/210.jpg
島尻 安伊子君,成功,https://www.shugiin.go.jp/internet/itdb_giinprof.nsf/211.jpg/211.jpg
島田 智明君,成功,https://www.shugiin.go.jp/internet/itdb_giinprof.nsf/212.jpg/212.jpg
島田 洋一君,成功,https://www.shugiin.go.jp/internet/itdb_giinprof.nsf/213.jpg/213.jpg
下条 みつ君,成功,https://www.shugiin.go.jp/internet/itdb_giinprof.nsf/214.jpg/214.jpg
下野 幸助君,成功,https://www.shugiin.go.jp/internet/itdb_giinprof.nsf/215.jpg/215.jpg
庄子 賢一君,成功,https://www.shugiin.go.jp/internet/itdb_giinprof.nsf/216.jpg/216.jpg
白石 洋一君,成功,https://www.shugiin.go.jp/internet/itdb_giinprof.nsf/217.jpg/217.jpg
新谷 正義君,成功,https://www.shugiin.go.jp/internet/itdb_giinprof.nsf/218.jpg/218.jpg
新藤 義孝君,成功,https://www.shugiin.go.jp/internet/itdb_giinprof.nsf/219.jpg/219.jpg
末松 義規君,成功,https://www.shugiin.go.jp/internet/itdb_giinprof.nsf/220.jpg/220.jpg
菅 義偉君,成功,https://www.shugiin.go.jp/internet/itdb_giinprof.nsf/221.jpg/221.jpg
杉村 慎治君,成功,https://www.shugiin.go.jp/internet/itdb_giinprof.nsf/222.jpg/222.jpg
杉本 和巳君,成功,https://www.shugiin.go.jp/internet/itdb_giinprof.nsf/223.jpg/223.jpg
鈴木 敦君,成功,https://www.shugiin.go.jp/internet/itdb_giinprof.nsf/224.jpg/224.jpg
鈴木 英敬君,成功,https://www.shugiin.go.jp/internet/itdb_giinprof.nsf/225.jpg/225.jpg
鈴木 馨祐君,成功,https://www.shugiin.go.jp/internet/itdb_giinprof.nsf/226.jpg/226.jpg
鈴木 俊一君,成功,https://www.shugiin.go.jp/internet/itdb_giinprof.nsf/227.jpg/227.jpg
鈴木 貴子君,成功,https://www.shugiin.go.jp/internet/itdb_giinprof.nsf/228.jpg/228.jpg
鈴木 岳幸君,成功,https://www.shugiin.go.jp/internet/itdb_giinprof.nsf/229.jpg/229.jpg
鈴木 憲和君,成功,https://www.shugiin.go.jp/internet/itdb_giinprof.nsf/230.jpg/230.jpg
鈴木 隼人君,成功,https://www.shugiin.go.jp/internet/itdb_giinprof.nsf/231.jpg/231.jpg
鈴木 庸介君,成功,https://www.shugiin.go.jp/internet/itdb_giinprof.nsf/232.jpg/232.jpg
鈴木 義弘君,成功,https://www.shugiin.go.jp/internet/itdb_giinprof.nsf/233.jpg/233.jpg
関 芳弘君,成功,https://www.shugiin.go.jp/internet/itdb_giinprof.nsf/234.jpg/234.jpg
世耕 弘成君,成功,https://www.shugiin.go.jp/internet/itdb_giinprof.nsf/235.jpg/235.jpg
瀬戸 隆一君,成功,https://www.shugiin.go.jp/internet/itdb_giinprof.nsf/236.jpg/236.jpg
仙田 晃宏君,成功,https://www.shugiin.go.jp/internet/itdb_giinprof.nsf/237.jpg/237.jpg
宗野 創君,成功,https://www.shugiin.go.jp/internet/itdb_giinprof.nsf/238.jpg/238.jpg
空本 誠喜君,成功,https://www.shugiin.go.jp/internet/itdb_giinprof.nsf/239.jpg/239.jpg
平 将明君,成功,https://www.shugiin.go.jp/internet/itdb_giinprof.nsf/240.jpg/240.jpg
高井 崇志君,成功,https://www.shugiin.go.jp/internet/itdb_giinprof.nsf/241.jpg/241.jpg
高市 早苗君,成功,https://www.shugiin.go.jp/internet/itdb_giinprof.nsf/242.jpg/242.jpg
高木 啓君,成功,https://www.shugiin.go.jp/internet/itdb_giinprof.nsf/243.jpg/243.jpg
高橋 永君,成功,https://www.shugiin.go.jp/internet/itdb_giinprof.nsf/244.jpg/244.jpg
高橋 英明君,成功,https://www.shugiin.go.jp/internet/itdb_giinprof.nsf/245.jpg/245.jpg
高松 智之君,成功,https://www.shugiin.go.jp/internet/itdb_giinprof.nsf/246.jpg/246.jpg
高見 康裕君,成功,https://www.shugiin.go.jp/internet/itdb_giinprof.nsf/247.jpg/247.jpg
たがや 亮君,成功,https://www.shugiin.go.jp/internet/itdb_giinprof.nsf/248.jpg/248.jpg
竹内 千春君,成功,https://www.shugiin.go.jp/internet/itdb_giinprof.nsf/249.jpg/249.jpg
竹内 譲君,成功,https://www.shugiin.go.jp/internet/itdb_giinprof.nsf/250.jpg/250.jpg
竹上 裕子君,成功,https://www.shugiin.go.jp/internet/itdb_giinprof.nsf/251.jpg/251.jpg
武部 新君,成功,https://www.shugiin.go.jp/internet/itdb_giinprof.nsf/252.jpg/252.jpg
武正 公一君,成功,https://www.shugiin.go.jp/internet/itdb_giinprof.nsf/253.jpg/253.jpg
武村 展英君,成功,https://www.shugiin.go.jp/internet/itdb_giinprof.nsf/254.jpg/254.jpg
田嶋 要君,成功,https://www.shugiin.go.jp/internet/itdb_giinprof.nsf/255.jpg/255.jpg
橘 慶一郎君,成功,https://www.shugiin.go.jp/internet/itdb_giinprof.nsf/256.jpg/256.jpg
辰巳 孝太郎君,成功,https://www.shugiin.go.jp/internet/itdb_giinprof.nsf/257.jpg/257.jpg
田所 嘉徳君,成功,https://www.shugiin.go.jp/internet/itdb_giinprof.nsf/258.jpg/258.jpg
田中 和徳君,成功,https://www.shugiin.go.jp/internet/itdb_giinprof.nsf/259.jpg/259.jpg
田中 健君,成功,https://www.shugiin.go.jp/internet/itdb_giinprof.nsf/260.jpg/260.jpg
田中 良生君,成功,https://www.shugiin.go.jp/internet/itdb_giinprof.nsf/261.jpg/261.jpg
棚橋 泰文君,成功,https://www.shugiin.go.jp/internet/itdb_giinprof.nsf/262.jpg/262.jpg
谷 公一君,成功,https://www.shugiin.go.jp/internet/itdb_giinprof.nsf/263.jpg/263.jpg
田野瀬 太道君,成功,https://www.shugiin.go.jp/internet/itdb_giinprof.nsf/264.jpg/264.jpg
田畑 裕明君,成功,https://www.shugiin.go.jp/internet/itdb_giinprof.nsf/265.jpg/265.jpg
玉木 雄一郎君,成功,https://www.shugiin.go.jp/internet/itdb_giinprof.nsf/266.jpg/266.jpg
田村 貴昭君,成功,https://www.shugiin.go.jp/internet/itdb_giinprof.nsf/267.jpg/267.jpg
田村 智子君,成功,https://www.shugiin.go.jp/internet/itdb_giinprof.nsf/268.jpg/268.jpg
田村 憲久君,成功,https://www.shugiin.go.jp/internet/itdb_giinprof.nsf/269.jpg/269.jpg
丹野 みどり君,成功,https://www.shugiin.go.jp/internet/itdb_giinprof.nsf/270.jpg/270.jpg
辻 清人君,成功,https://www.shugiin.go.jp/internet/itdb_giinprof.nsf/271.jpg/271.jpg
辻 英之君,成功,https://www.shugiin.go.jp/internet/itdb_giinprof.nsf/272.jpg/272.jpg
津島 淳君,成功,https://www.shugiin.go.jp/internet/itdb_giinprof.nsf/273.jpg/273.jpg
土田 慎君,成功,https://www.shugiin.go.jp/internet/itdb_giinprof.nsf/274.jpg/274.jpg
土屋 品子君,成功,https://www.shugiin.go.jp/internet/itdb_giinprof.nsf/275.jpg/275.jpg
堤 かなめ君,成功,https://www.shugiin.go.jp/internet/itdb_giinprof.nsf/276.jpg/276.jpg
角田 秀穂君,成功,https://www.shugiin.go.jp/internet/itdb_giinprof.nsf/277.jpg/277.jpg
津村 啓介君,成功,https://www.shugiin.go.jp/internet/itdb_giinprof.nsf/278.jpg/278.jpg
手塚 仁雄君,成功,https://www.shugiin.go.jp/internet/itdb_giinprof.nsf/279.jpg/279.jpg
寺田 学君,成功,https://www.shugiin.go.jp/internet/itdb_giinprof.nsf/280.jpg/280.jpg
寺田 稔君,成功,https://www.shugiin.go.jp/internet/itdb_giinprof.nsf/281.jpg/281.jpg
渡海 紀三朗君,成功,https://www.shugiin.go.jp/internet/itdb_giinprof.nsf/282.jpg/282.jpg
冨樫 博之君,成功,https://www.shugiin.go.jp/internet/itdb_giinprof.nsf/283.jpg/283.jpg
徳安 淳子君,成功,https://www.shugiin.go.jp/internet/itdb_giinprof.nsf/284.jpg/284.jpg
永岡 桂子君,成功,https://www.shugiin.go.jp/internet/itdb_giinprof.nsf/285.jpg/285.jpg
中川 宏昌君,成功,https://www.shugiin.go.jp/internet/itdb_giinprof.nsf/286.jpg/286.jpg
中川 康洋君,成功,https://www.shugiin.go.jp/internet/itdb_giinprof.nsf/287.jpg/287.jpg
長坂 康正君,成功,https://www.shugiin.go.jp/internet/itdb_giinprof.nsf/288.jpg/288.jpg
長島 昭久君,成功,https://www.shugiin.go.jp/internet/itdb_giinprof.nsf/290.jpg/290.jpg
中島 克仁君,成功,https://www.shugiin.go.jp/internet/itdb_giinprof.nsf/289.jpg/289.jpg
中曽根 康隆君,成功,https://www.shugiin.go.jp/internet/itdb_giinprof.nsf/291.jpg/291.jpg
中谷 一馬君,成功,https://www.shugiin.go.jp/internet/itdb_giinprof.nsf/292.jpg/292.jpg
中谷 元君,成功,https://www.shugiin.go.jp/internet/itdb_giinprof.nsf/293.jpg/293.jpg
中谷 真一君,成功,https://www.shugiin.go.jp/internet/itdb_giinprof.nsf/294.jpg/294.jpg
中司 宏君,成功,https://www.shugiin.go.jp/internet/itdb_giinprof.nsf/295.jpg/295.jpg
長妻 昭君,成功,https://www.shugiin.go.jp/internet/itdb_giinprof.nsf/296.jpg/296.jpg
長友 慎治君,成功,https://www.shugiin.go.jp/internet/itdb_giinprof.nsf/297.jpg/297.jpg
長友よしひろ君,成功,https://www.shugiin.go.jp/internet/itdb_giinprof.nsf/298.jpg/298.jpg
中西 健治君,成功,https://www.shugiin.go.jp/internet/itdb_giinprof.nsf/299.jpg/299.jpg
中野 英幸君,成功,https://www.shugiin.go.jp/internet/itdb_giinprof.nsf/300.jpg/300.jpg
中野 洋昌君,成功,https://www.shugiin.go.jp/internet/itdb_giinprof.nsf/301.jpg/301.jpg
中村 はやと君,成功,https://www.shugiin.go.jp/internet/itdb_giinprof.nsf/302.jpg/302.jpg
中村 裕之君,成功,https://www.shugiin.go.jp/internet/itdb_giinprof.nsf/303.jpg/303.jpg
仁木 博文君,成功,https://www.shugiin.go.jp/internet/itdb_giinprof.nsf/304.jpg/304.jpg
西岡 秀子君,成功,https://www.shugiin.go.jp/internet/itdb_giinprof.nsf/305.jpg/305.jpg
西岡 義高君,成功,https://www.shugiin.go.jp/internet/itdb_giinprof.nsf/306.jpg/306.jpg
西川 厚志君,成功,https://www.shugiin.go.jp/internet/itdb_giinprof.nsf/307.jpg/307.jpg
西川 将人君,成功,https://www.shugiin.go.jp/internet/itdb_giinprof.nsf/308.jpg/308.jpg
西園 勝秀君,成功,https://www.shugiin.go.jp/internet/itdb_giinprof.nsf/309.jpg/309.jpg
西田 薫君,成功,https://www.shugiin.go.jp/internet/itdb_giinprof.nsf/310.jpg/310.jpg
西田 昭二君,成功,https://www.shugiin.go.jp/internet/itdb_giinprof.nsf/311.jpg/311.jpg
西野 太亮君,成功,https://www.shugiin.go.jp/internet/itdb_giinprof.nsf/312.jpg/312.jpg
西村 智奈美君,成功,https://www.shugiin.go.jp/internet/itdb_giinprof.nsf/313.jpg/313.jpg
西村 康稔君,成功,https://www.shugiin.go.jp/internet/itdb_giinprof.nsf/314.jpg/314.jpg
西銘 恒三郎君,成功,https://www.shugiin.go.jp/internet/itdb_giinprof.nsf/315.jpg/315.jpg
丹羽 秀樹君,成功,https://www.shugiin.go.jp/internet/itdb_giinprof.nsf/316.jpg/316.jpg
額賀 福志郎君,成功,https://www.shugiin.go.jp/internet/itdb_giinprof.nsf/001.jpg/001.jpg
沼崎 満子君,成功,https://www.shugiin.go.jp/internet/itdb_giinprof.nsf/317.jpg/317.jpg
根本 拓君,成功,https://www.shugiin.go.jp/internet/itdb_giinprof.nsf/318.jpg/318.jpg
根本 幸典君,成功,https://www.shugiin.go.jp/internet/itdb_giinprof.nsf/319.jpg/319.jpg
野田 聖子君,成功,https://www.shugiin.go.jp/internet/itdb_giinprof.nsf/320.jpg/320.jpg
野田 佳彦君,成功,https://www.shugiin.go.jp/internet/itdb_giinprof.nsf/321.jpg/321.jpg
野中 厚君,成功,https://www.shugiin.go.jp/internet/itdb_giinprof.nsf/322.jpg/322.jpg
野間 健君,成功,https://www.shugiin.go.jp/internet/itdb_giinprof.nsf/323.jpg/323.jpg
萩生田 光一君,成功,https://www.shugiin.go.jp/internet/itdb_giinprof.nsf/324.jpg/324.jpg
萩原 佳君,成功,https://www.shugiin.go.jp/internet/itdb_giinprof.nsf/325.jpg/325.jpg
橋本 慧悟君,成功,https://www.shugiin.go.jp/internet/itdb_giinprof.nsf/326.jpg/326.jpg
橋本 幹彦君,成功,https://www.shugiin.go.jp/internet/itdb_giinprof.nsf/327.jpg/327.jpg
長谷川 嘉一君,成功,https://www.shugiin.go.jp/internet/itdb_giinprof.nsf/328.jpg/328.jpg
長谷川 淳二君,成功,https://www.shugiin.go.jp/internet/itdb_giinprof.nsf/329.jpg/329.jpg
波多野 翼君,成功,https://www.shugiin.go.jp/internet/itdb_giinprof.nsf/330.jpg/330.jpg
鳩山 紀一郎君,成功,https://www.shugiin.go.jp/internet/itdb_giinprof.nsf/331.jpg/331.jpg
鳩山 二郎君,成功,https://www.shugiin.go.jp/internet/itdb_giinprof.nsf/332.jpg/332.jpg
葉梨 康弘君,成功,https://www.shugiin.go.jp/internet/itdb_giinprof.nsf/333.jpg/333.jpg
馬場 伸幸君,成功,https://www.shugiin.go.jp/internet/itdb_giinprof.nsf/334.jpg/334.jpg
馬場 雄基君,成功,https://www.shugiin.go.jp/internet/itdb_giinprof.nsf/335.jpg/335.jpg
浜田 靖一君,成功,https://www.shugiin.go.jp/internet/itdb_giinprof.nsf/336.jpg/336.jpg
浜地 雅一君,成功,https://www.shugiin.go.jp/internet/itdb_giinprof.nsf/337.jpg/337.jpg
林 佑美君,成功,https://www.shugiin.go.jp/internet/itdb_giinprof.nsf/338.jpg/338.jpg
林 芳正君,成功,https://www.shugiin.go.jp/internet/itdb_giinprof.nsf/339.jpg/339.jpg
原口 一博君,成功,https://www.shugiin.go.jp/internet/itdb_giinprof.nsf/340.jpg/340.jpg
伴野 豊君,成功,https://www.shugiin.go.jp/internet/itdb_giinprof.nsf/341.jpg/341.jpg
日野 紗里亜君,成功,https://www.shugiin.go.jp/internet/itdb_giinprof.nsf/342.jpg/342.jpg
平井 卓也君,成功,https://www.shugiin.go.jp/internet/itdb_giinprof.nsf/343.jpg/343.jpg
平岩 征樹君,成功,https://www.shugiin.go.jp/internet/itdb_giinprof.nsf/344.jpg/344.jpg
平岡 秀夫君,成功,https://www.shugiin.go.jp/internet/itdb_giinprof.nsf/345.jpg/345.jpg
平口 洋君,成功,https://www.shugiin.go.jp/internet/itdb_giinprof.nsf/346.jpg/346.jpg
平沢 勝栄君,成功,https://www.shugiin.go.jp/internet/itdb_giinprof.nsf/347.jpg/347.jpg
平沼 正二郎君,成功,https://www.shugiin.go.jp/internet/itdb_giinprof.nsf/348.jpg/348.jpg
平林 晃君,成功,https://www.shugiin.go.jp/internet/itdb_giinprof.nsf/349.jpg/349.jpg
広瀬 建君,成功,https://www.shugiin.go.jp/internet/itdb_giinprof.nsf/350.jpg/350.jpg
深作 ヘスス君,成功,https://www.shugiin.go.jp/internet/itdb_giinprof.nsf/351.jpg/351.jpg
深澤 陽一君,成功,https://www.shugiin.go.jp/internet/itdb_giinprof.nsf/352.jpg/352.jpg
福重 隆浩君,成功,https://www.shugiin.go.jp/internet/itdb_giinprof.nsf/353.jpg/353.jpg
福島 伸享君,成功,https://www.shugiin.go.jp/internet/itdb_giinprof.nsf/354.jpg/354.jpg
福田 昭夫君,成功,https://www.shugiin.go.jp/internet/itdb_giinprof.nsf/356.jpg/356.jpg
福田 かおる君,成功,https://www.shugiin.go.jp/internet/itdb_giinprof.nsf/357.jpg/357.jpg
福田 玄君,成功,https://www.shugiin.go.jp/internet/itdb_giinprof.nsf/358.jpg/358.jpg
福田 淳太君,成功,https://www.shugiin.go.jp/internet/itdb_giinprof.nsf/359.jpg/359.jpg
福田 達夫君,成功,https://www.shugiin.go.jp/internet/itdb_giinprof.nsf/360.jpg/360.jpg
福田 徹君,成功,https://www.shugiin.go.jp/internet/itdb_giinprof.nsf/355.jpg/355.jpg
福原 淳嗣君,成功,https://www.shugiin.go.jp/internet/itdb_giinprof.nsf/361.jpg/361.jpg
福森 和歌子君,成功,https://www.shugiin.go.jp/internet/itdb_giinprof.nsf/362.jpg/362.jpg
藤井 比早之君,成功,https://www.shugiin.go.jp/internet/itdb_giinprof.nsf/363.jpg/363.jpg
藤岡 たかお君,成功,https://www.shugiin.go.jp/internet/itdb_giinprof.nsf/364.jpg/364.jpg
藤田 文武君,成功,https://www.shugiin.go.jp/internet/itdb_giinprof.nsf/365.jpg/365.jpg
藤巻 健太君,成功,https://www.shugiin.go.jp/internet/itdb_giinprof.nsf/366.jpg/366.jpg
藤丸 敏君,成功,https://www.shugiin.go.jp/internet/itdb_giinprof.nsf/367.jpg/367.jpg
藤原 規眞君,成功,https://www.shugiin.go.jp/internet/itdb_giinprof.nsf/368.jpg/368.jpg
太 栄志君,成功,https://www.shugiin.go.jp/internet/itdb_giinprof.nsf/369.jpg/369.jpg
船田 元君,成功,https://www.shugiin.go.jp/internet/itdb_giinprof.nsf/370.jpg/370.jpg
古川 直季君,成功,https://www.shugiin.go.jp/internet/itdb_giinprof.nsf/371.jpg/371.jpg
古川 元久君,成功,https://www.shugiin.go.jp/internet/itdb_giinprof.nsf/372.jpg/372.jpg
古川 康君,成功,https://www.shugiin.go.jp/internet/itdb_giinprof.nsf/373.jpg/373.jpg
古川 禎久君,成功,https://www.shugiin.go.jp/internet/itdb_giinprof.nsf/374.jpg/374.jpg
古屋 圭司君,成功,https://www.shugiin.go.jp/internet/itdb_giinprof.nsf/375.jpg/375.jpg
穂坂 泰君,成功,https://www.shugiin.go.jp/internet/itdb_giinprof.nsf/376.jpg/376.jpg
星野 剛士君,成功,https://www.shugiin.go.jp/internet/itdb_giinprof.nsf/377.jpg/377.jpg
細野 豪志君,成功,https://www.shugiin.go.jp/internet/itdb_giinprof.nsf/378.jpg/378.jpg
堀内 詔子君,成功,https://www.shugiin.go.jp/internet/itdb_giinprof.nsf/379.jpg/379.jpg
堀川 あきこ君,成功,https://www.shugiin.go.jp/internet/itdb_giinprof.nsf/380.jpg/380.jpg
本庄 知史君,成功,https://www.shugiin.go.jp/internet/itdb_giinprof.nsf/381.jpg/381.jpg
本田 太郎君,成功,https://www.shugiin.go.jp/internet/itdb_giinprof.nsf/382.jpg/382.jpg
前原 誠司君,成功,https://www.shugiin.go.jp/internet/itdb_giinprof.nsf/383.jpg/383.jpg
牧 義夫君,成功,https://www.shugiin.go.jp/internet/itdb_giinprof.nsf/384.jpg/384.jpg
牧島 かれん君,成功,https://www.shugiin.go.jp/internet/itdb_giinprof.nsf/385.jpg/385.jpg
升田 世喜男君,成功,https://www.shugiin.go.jp/internet/itdb_giinprof.nsf/386.jpg/386.jpg
松尾 明弘君,成功,https://www.shugiin.go.jp/internet/itdb_giinprof.nsf/387.jpg/387.jpg
松木けんこう君,成功,https://www.shugiin.go.jp/internet/itdb_giinprof.nsf/388.jpg/388.jpg
松下 玲子君,成功,https://www.shugiin.go.jp/internet/itdb_giinprof.nsf/389.jpg/389.jpg
松島 みどり君,成功,https://www.shugiin.go.jp/internet/itdb_giinprof.nsf/390.jpg/390.jpg
松田 功君,成功,https://www.shugiin.go.jp/internet/itdb_giinprof.nsf/391.jpg/391.jpg
松野 博一君,成功,https://www.shugiin.go.jp/internet/itdb_giinprof.nsf/392.jpg/392.jpg
松原 仁君,成功,https://www.shugiin.go.jp/internet/itdb_giinprof.nsf/393.jpg/393.jpg
松本 剛明君,成功,https://www.shugiin.go.jp/internet/itdb_giinprof.nsf/394.jpg/394.jpg
松本 尚君,成功,https://www.shugiin.go.jp/internet/itdb_giinprof.nsf/395.jpg/395.jpg
松本 洋平君,成功,https://www.shugiin.go.jp/internet/itdb_giinprof.nsf/396.jpg/396.jpg
円 より子君,成功,https://www.shugiin.go.jp/internet/itdb_giinprof.nsf/397.jpg/397.jpg
眞野 哲君,成功,https://www.shugiin.go.jp/internet/itdb_giinprof.nsf/398.jpg/398.jpg
馬淵 澄夫君,成功,https://www.shugiin.go.jp/internet/itdb_giinprof.nsf/399.jpg/399.jpg
三木 圭恵君,成功,https://www.shugiin.go.jp/internet/itdb_giinprof.nsf/400.jpg/400.jpg
水沼 秀幸君,成功,https://www.shugiin.go.jp/internet/itdb_giinprof.nsf/401.jpg/401.jpg
三角 創太君,成功,https://www.shugiin.go.jp/internet/itdb_giinprof.nsf/402.jpg/402.jpg
三反園 訓君,成功,https://www.shugiin.go.jp/internet/itdb_giinprof.nsf/403.jpg/403.jpg
三谷 英弘君,成功,https://www.shugiin.go.jp/internet/itdb_giinprof.nsf/404.jpg/404.jpg
道下 大樹君,成功,https://www.shugiin.go.jp/internet/itdb_giinprof.nsf/405.jpg/405.jpg
緑川 貴士君,成功,https://www.shugiin.go.jp/internet/itdb_giinprof.nsf/406.jpg/406.jpg
美延 映夫君,成功,https://www.shugiin.go.jp/internet/itdb_giinprof.nsf/407.jpg/407.jpg
御法川 信英君,成功,https://www.shugiin.go.jp/internet/itdb_giinprof.nsf/408.jpg/408.jpg
宮内 秀樹君,成功,https://www.shugiin.go.jp/internet/itdb_giinprof.nsf/409.jpg/409.jpg
宮川 伸君,成功,https://www.shugiin.go.jp/internet/itdb_giinprof.nsf/410.jpg/410.jpg
宮崎 政久君,成功,https://www.shugiin.go.jp/internet/itdb_giinprof.nsf/411.jpg/411.jpg
宮路 拓馬君,成功,https://www.shugiin.go.jp/internet/itdb_giinprof.nsf/412.jpg/412.jpg
宮下 一郎君,成功,https://www.shugiin.go.jp/internet/itdb_giinprof.nsf/413.jpg/413.jpg
向山 淳君,成功,https://www.shugiin.go.jp/internet/itdb_giinprof.nsf/414.jpg/414.jpg
向山 好一君,成功,https://www.shugiin.go.jp/internet/itdb_giinprof.nsf/415.jpg/415.jpg
武藤 容治君,成功,https://www.shugiin.go.jp/internet/itdb_giinprof.nsf/416.jpg/416.jpg
村井 英樹君,成功,https://www.shugiin.go.jp/internet/itdb_giinprof.nsf/417.jpg/417.jpg
村岡 敏英君,成功,https://www.shugiin.go.jp/internet/itdb_giinprof.nsf/418.jpg/418.jpg
村上 誠一郎君,成功,https://www.shugiin.go.jp/internet/itdb_giinprof.nsf/419.jpg/419.jpg
村上 智信君,成功,https://www.shugiin.go.jp/internet/itdb_giinprof.nsf/420.jpg/420.jpg
茂木 敏充君,成功,https://www.shugiin.go.jp/internet/itdb_giinprof.nsf/421.jpg/421.jpg
本村 伸子君,成功,https://www.shugiin.go.jp/internet/itdb_giinprof.nsf/422.jpg/422.jpg
森 英介君,成功,https://www.shugiin.go.jp/internet/itdb_giinprof.nsf/423.jpg/423.jpg
森 ようすけ君,成功,https://www.shugiin.go.jp/internet/itdb_giinprof.nsf/424.jpg/424.jpg
森下 千里君,成功,https://www.shugiin.go.jp/internet/itdb_giinprof.nsf/425.jpg/425.jpg
守島 正君,成功,https://www.shugiin.go.jp/internet/itdb_giinprof.nsf/426.jpg/426.jpg
森田 俊和君,成功,https://www.shugiin.go.jp/internet/itdb_giinprof.nsf/427.jpg/427.jpg
森山 裕君,成功,https://www.shugiin.go.jp/internet/itdb_giinprof.nsf/428.jpg/428.jpg
森山 浩行君,成功,https://www.shugiin.go.jp/internet/itdb_giinprof.nsf/429.jpg/429.jpg
矢崎 堅太郎君,成功,https://www.shugiin.go.jp/internet/itdb_giinprof.nsf/430.jpg/430.jpg
谷田川 元君,成功,https://www.shugiin.go.jp/internet/itdb_giinprof.nsf/431.jpg/431.jpg
簗 和生君,成功,https://www.shugiin.go.jp/internet/itdb_giinprof.nsf/432.jpg/432.jpg
柳沢 剛君,成功,https://www.shugiin.go.jp/internet/itdb_giinprof.nsf/433.jpg/433.jpg
八幡 愛君,成功,https://www.shugiin.go.jp/internet/itdb_giinprof.nsf/434.jpg/434.jpg
山 登志浩君,成功,https://www.shugiin.go.jp/internet/itdb_giinprof.nsf/435.jpg/435.jpg
山岡 達丸君,成功,https://www.shugiin.go.jp/internet/itdb_giinprof.nsf/436.jpg/436.jpg
山川 仁君,成功,https://www.shugiin.go.jp/internet/itdb_giinprof.nsf/437.jpg/437.jpg
山岸 一生君,成功,https://www.shugiin.go.jp/internet/itdb_giinprof.nsf/438.jpg/438.jpg
山際 大志郎君,成功,https://www.shugiin.go.jp/internet/itdb_giinprof.nsf/439.jpg/439.jpg
山口 俊一君,成功,https://www.shugiin.go.jp/internet/itdb_giinprof.nsf/440.jpg/440.jpg
山口 壯君,成功,https://www.shugiin.go.jp/internet/itdb_giinprof.nsf/441.jpg/441.jpg
山口 良治君,成功,https://www.shugiin.go.jp/internet/itdb_giinprof.nsf/442.jpg/442.jpg
山崎 誠君,成功,https://www.shugiin.go.jp/internet/itdb_giinprof.nsf/444.jpg/444.jpg
山崎 正恭君,成功,https://www.shugiin.go.jp/internet/itdb_giinprof.nsf/443.jpg/443.jpg
山下 貴司君,成功,https://www.shugiin.go.jp/internet/itdb_giinprof.nsf/445.jpg/445.jpg
山田 勝彦君,成功,https://www.shugiin.go.jp/internet/itdb_giinprof.nsf/446.jpg/446.jpg
山田 賢司君,成功,https://www.shugiin.go.jp/internet/itdb_giinprof.nsf/447.jpg/447.jpg
山井 和則君,成功,https://www.shugiin.go.jp/internet/itdb_giinprof.nsf/448.jpg/448.jpg
山花 郁夫君,成功,https://www.shugiin.go.jp/internet/itdb_giinprof.nsf/449.jpg/449.jpg
山本 大地君,成功,https://www.shugiin.go.jp/internet/itdb_giinprof.nsf/450.jpg/450.jpg
屋良 朝博君,成功,https://www.shugiin.go.jp/internet/itdb_giinprof.nsf/451.jpg/451.jpg
柚木 道義君,成功,https://www.shugiin.go.jp/internet/itdb_giinprof.nsf/452.jpg/452.jpg
吉川 元君,成功,https://www.shugiin.go.jp/internet/itdb_giinprof.nsf/453.jpg/453.jpg
吉川 里奈君,成功,https://www.shugiin.go.jp/internet/itdb_giinprof.nsf/454.jpg/454.jpg
吉田 真次君,成功,https://www.shugiin.go.jp/internet/itdb_giinprof.nsf/455.jpg/455.jpg
吉田 宣弘君,成功,https://www.shugiin.go.jp/internet/itdb_giinprof.nsf/456.jpg/456.jpg
吉田 はるみ君,成功,https://www.shugiin.go.jp/internet/itdb_giinprof.nsf/457.jpg/457.jpg
米山 隆一君,成功,https://www.shugiin.go.jp/internet/itdb_giinprof.nsf/458.jpg/458.jpg
笠 浩史君,成功,https://www.shugiin.go.jp/internet/itdb_giinprof.nsf/459.jpg/459.jpg
若山 慎司君,成功,https://www.shugiin.go.jp/internet/itdb_giinprof.nsf/460.jpg/460.jpg
早稲田 ゆき君,成功,https://www.shugiin.go.jp/internet/itdb_giinprof.nsf/461.jpg/461.jpg
和田 有一朗君,成功,https://www.shugiin.go.jp/internet/itdb_giinprof.nsf/462.jpg/462.jpg
渡辺 周君,成功,https://www.shugiin.go.jp/internet/itdb_giinprof.nsf/463.jpg/463.jpg
渡辺 創君,成功,https://www.shugiin.go.jp/internet/itdb_giinprof.nsf/464.jpg/464.jpg
鰐淵 洋子君,成功,https://www.shugiin.go.jp/internet/itdb_giinprof.nsf/465.jpg/465.jpg
