氏名,公式プロフィールURL
安達 悠司,https://www.sangiin.go.jp/japanese/joho1/kousei/giin/profile/7025003.htm
安藤 裕,https://www.sangiin.go.jp/japanese/joho1/kousei/giin/profile/7025004.htm
上野 ほたる,https://www.sangiin.go.jp/japanese/joho1/kousei/giin/profile/7025064.htm
江原 くみ子,https://www.sangiin.go.jp/japanese/joho1/kousei/giin/profile/7025011.htm
大津 力,https://www.sangiin.go.jp/japanese/joho1/kousei/giin/profile/7025013.htm
岡崎 太,https://www.sangiin.go.jp/japanese/joho1/kousei/giin/profile/7025014.htm
かごしま 彰宏,https://www.sangiin.go.jp/japanese/joho1/kousei/giin/profile/7025016.htm
かまやち 敏,https://www.sangiin.go.jp/japanese/joho1/kousei/giin/profile/7025017.htm
見坂 茂範,https://www.sangiin.go.jp/japanese/joho1/kousei/giin/profile/7025021.htm
郡山 りょう,https://www.sangiin.go.jp/japanese/joho1/kousei/giin/profile/7025022.htm
小林 さやか,https://www.sangiin.go.jp/japanese/joho1/kousei/giin/profile/7025041.htm
櫻井 祥子,https://www.sangiin.go.jp/japanese/joho1/kousei/giin/profile/7025028.htm
塩入 清香,https://www.sangiin.go.jp/japanese/joho1/kousei/giin/profile/7025030.htm
石 平,https://www.sangiin.go.jp/japanese/joho1/kousei/giin/profile/7025019.htm
高良 沙哉,https://www.sangiin.go.jp/japanese/joho1/kousei/giin/profile/7025027.htm
初鹿野 裕樹,https://www.sangiin.go.jp/japanese/joho1/kousei/giin/profile/7025046.htm
東野 秀樹,https://www.sangiin.go.jp/japanese/joho1/kousei/giin/profile/7025049.htm
平戸 航太,https://www.sangiin.go.jp/japanese/joho1/kousei/giin/profile/7025051.htm
宮出 千慧,https://www.sangiin.go.jp/japanese/joho1/kousei/giin/profile/7025056.htm
山内 佳菜子,https://www.sangiin.go.jp/japanese/joho1/kousei/giin/profile/7025059.htm
山中 泉,https://www.sangiin.go.jp/japanese/joho1/kousei/giin/profile/7025061.htm
